"Guilds of Ravnica","GRN",259
"Ravnica Allegiance","RNA",259
"Innistrad","ISD",264
"Dragons of Tarkir","DTK",264
"Kaladesh","KLD",264
"War of the Spark[132]","WAR",264
"Khans of Tarkir","KTK",269
"Amonkhet","AKH",269
"Dominaria","DOM",269
"Throne of Eldraine","ELD",269
"Phyrexia: All Will Be One","ONE",271
"Return to Ravnica","RTR",274
"Battle for Zendikar","BFZ",274
"Ikoria: Lair of Behemoths","IKO",274
"Strixhaven: School of Mages","STX",275
"Innistrad: Midnight Hunt","MID",277
"Innistrad: Crimson Vow","VOW",277
"Ixalan","XLN",279
"Zendikar Rising","ZNR",280
"Dungeons & Dragons: Adventures in the Forgotten Realms","AFR",281
"Streets of New Capenna","SNC",281
"Dominaria United","DMU",281
"March of the Machine","MOM",281
"Kaldheim","KHM",285
"Murders at Karlov Manor","MKM",286
"The Brothers' War","BRO",287
"The Lost Caverns of Ixalan","LCI",291
"Shadows over Innistrad","SOI",297
"Lorwyn","LRW",301
"Shadowmoor","SHM",301
"Kamigawa: Neon Dynasty","NEO",302
"Mirrodin","MRD",306
"Champions of Kamigawa","CHK",306
"Ravnica: City of Guilds","RAV",306
"Legends","LEG",310
"Mirage","MIR",350
"Tempest","TMP",350
"Urza's Saga","USG",350
"Mercadian Masques","MMQ",350
"Invasion","INV",350
"Odyssey","ODY",350
"Onslaught","ONS",350
"Wilds of Eldraine","WOE",381
"Ice Age","ICE",383
